Title,Author,Price,Availability
A Light in the Attic,Shel Silverstein,Â£51.77,In stock
Tipping the Velvet,Sarah Waters,Â£53.74,In stock
Soumission,Michel Houellebecq,Â£50.10,In stock
Sharp Objects,Gillian Flynn,Â£47.82,In stock
Sapiens: A Brief History of Humankind,Yuval Noah Harari,Â£54.23,In stock
The Requiem Red,Brynn Chapman,Â£22.65,In stock
The Dirty Little Secrets of Getting Your Dream Job,Don Raskin,Â£33.34,In stock
"The Coming Woman: A Novel Based on the Life of the Infamous Feminist, Victoria Woodhull",Karen J. Hicks,Â£17.93,In stock
The Boys in the Boat: Nine Americans and Their Epic Quest for Gold at the 1936 Berlin Olympics,Daniel James Brown,Â£22.60,In stock
The Black Maria,Aracelis Girmay,Â£52.15,In stock
"Starving Hearts (Triangular Trade Trilogy, #1)",Janine Mendenhall,Â£13.99,In stock
Shakespeare's Sonnets,Helen Vendler,Â£20.66,In stock
Set Me Free,Lesa Cline-Ransome,Â£17.46,In stock
Scott Pilgrim's Precious Little Life (Scott Pilgrim #1),Bryan Lee O'Malley,Â£52.29,In stock
Rip it Up and Start Again,Simon Reynolds,Â£35.02,In stock
"Our Band Could Be Your Life: Scenes from the American Indie Underground, 1981-1991",Michael Azerrad,Â£57.25,In stock
Olio,Tyehimba Jess,Â£23.88,In stock
Mesaerion: The Best Science Fiction Stories 1800-1849,"Edgar Allan Poe, Nathaniel Hawthorne, Lydia Child, Thomas Charles Morgan, Percival Leigh, William Mudford, Frederick Marryat",Â£37.59,In stock
Libertarianism for Beginners,Todd Seavey,Â£51.33,In stock
It's Only the Himalayas,S. Bedford,Â£45.17,In stock
In Her Wake,Amanda Jennings,Â£12.84,In stock
How Music Works,David Byrne,Â£37.32,In stock
"Foolproof Preserving: A Guide to Small Batch Jams, Jellies, Pickles, Condiments, and More: A Foolproof Guide to Making Small Batch Jams, Jellies, Pickles, Condiments, and More",America's Test Kitchen,Â£30.52,In stock
Chase Me (Paris Nights #2),Laura Florand,Â£25.27,In stock
Black Dust,Adrian Phoenix,Â£34.53,In stock
Birdsong: A Story in Pictures,Julie Flett,Â£54.64,In stock
America's Cradle of Quarterbacks: Western Pennsylvania's Football Factory from Johnny Unitas to Joe Montana,Wayne Stewart,Â£22.50,In stock
Aladdin and His Wonderful Lamp,,Â£53.13,In stock
Worlds Elsewhere: Journeys Around Shakespeareâs Globe,Andrew Dickson,Â£40.30,In stock
Wall and Piece,Banksy,Â£44.18,In stock
The Four Agreements: A Practical Guide to Personal Freedom,"Don Miguel Ruiz, Janet Mills",Â£17.66,In stock
The Five Love Languages: How to Express Heartfelt Commitment to Your Mate,Garry Chapman,Â£31.05,In stock
The Elephant Tree,R. D. Ronald,Â£23.82,In stock
The Bear and the Piano,David Litchfield,Â£36.89,In stock
Sophie's World,Jostein Gaarder,Â£15.94,In stock
Penny Maybe,Kathleen Martin,Â£33.29,In stock
Maude (1883-1993):She Grew Up with the country,Mardo Williams,Â£18.02,In stock
"In a Dark, Dark Wood",Ruth Ware,Â£19.63,In stock
Behind Closed Doors,B. A. Paris,Â£52.22,In stock
You can't bury them all: Poems,Patrick Woodcock,Â£33.63,In stock
Slow States of Collapse: Poems,Ashley-Elizabeth Best,Â£57.31,In stock
Reasons to Stay Alive,Matt Haig,Â£26.41,In stock
Private Paris (Private #10),"James Patterson, Mark Sullivan",Â£47.61,In stock
#HigherSelfie: Wake Up Your Life. Free Your Soul. Find Your Tribe.,,Â£23.11,In stock
Without Borders (Wanderlove #1),Amanda Heger,Â£45.07,In stock
When We Collided,Emery Lord,Â£31.77,In stock
"We Love You, Charlie Freeman",Kaitlyn Greenidge,Â£50.27,In stock
Untitled Collection: Sabbath Poems 2014,"Kristina Lizardy-Hajbi, Matthew Floding",Â£14.27,In stock
"Unseen City: The Majesty of Pigeons, the Discreet Charm of Snails & Other Wonders of the Urban Wilderness",Nathanael Johnson,Â£44.18,In stock
Unicorn Tracks,Julia Ember,Â£18.78,In stock
"Unbound: How Eight Technologies Made Us Human, Transformed Society, and Brought Our World to the Brink",Richard L Currier,Â£25.52,In stock
Tsubasa: WoRLD CHRoNiCLE 2 (Tsubasa WoRLD CHRoNiCLE #2),CLAMP,Â£16.28,In stock
Throwing Rocks at the Google Bus: How Growth Became the Enemy of Prosperity,Douglas Rushkoff,Â£31.12,In stock
This One Summer,Mariko Tamaki,Â£19.49,In stock
Thirst,Norris Hundley,Â£17.27,In stock
The Torch Is Passed: A Harding Family Story,Bill Powers,Â£19.09,In stock
The Secret of Dreadwillow Carse,Brian Farrey,Â£56.13,In stock
"The Pioneer Woman Cooks: Dinnertime: Comfort Classics, Freezer Food, 16-Minute Meals, and Other Delicious Ways to Solve Supper!",Ree Drummond,Â£56.41,In stock
The Past Never Ends,Jackson Burnett,Â£56.50,In stock
The Natural History of Us (The Fine Art of Pretending #2),"Lecturer in Music School of Oriental and African Studies Rachel Harris, L.C.S.W., PH.D., Rachel Harris",Â£45.22,In stock
The Nameless City (The Nameless City #1),"Faith Erin Hicks, Jordie Bellaire",Â£38.16,In stock
The Murder That Never Was (Forensic Instincts #5),Andrea Kane,Â£54.11,In stock
The Most Perfect Thing: Inside (and Outside) a Bird's Egg,Tim Birkhead,Â£42.96,In stock
"The Mindfulness and Acceptance Workbook for Anxiety: A Guide to Breaking Free from Anxiety, Phobias, and Worry Using Acceptance and Commitment Therapy","John P. Forsyth, Georg H. Eifert",Â£23.89,In stock
The Life-Changing Magic of Tidying Up: The Japanese Art of Decluttering and Organizing,Marie Kondo,Â£16.77,In stock
"The Inefficiency Assassin: Time Management Tactics for Working Smarter, Not Longer",Helene Segura,Â£20.59,In stock
The Gutsy Girl: Escapades for Your Life of Epic Adventure,Caroline Paul,Â£37.13,In stock
The Electric Pencil: Drawings from Inside State Hospital No. 3,James Edward Deeds,Â£56.06,In stock
The Death of Humanity: and the Case for Life,Richard Weikart,Â£58.11,In stock
"The Bulletproof Diet: Lose up to a Pound a Day, Reclaim Energy and Focus, Upgrade Your Life",Dave Asprey,Â£49.05,In stock
The Art Forger,B. A. Shapiro,Â£40.76,In stock
The Age of Genius: The Seventeenth Century and the Birth of the Modern Mind,A. C. Grayling,Â£19.73,In stock
The Activist's Tao Te Ching: Ancient Advice for a Modern Revolution,William Martin,Â£32.24,In stock
Spark Joy: An Illustrated Master Class on the Art of Organizing and Tidying Up,Marie Kondo,Â£41.83,In stock
Soul Reader,Dianne Bright,Â£39.58,In stock
Security,Gina Wohlsdorf,Â£39.25,In stock
"Saga, Volume 6 (Saga (Collected Editions) #6)",Brian K. Vaughan,Â£25.02,In stock
"Saga, Volume 5 (Saga (Collected Editions) #5)",Brian K. Vaughan,Â£51.04,In stock
Reskilling America: Learning to Labor in the Twenty-First Century,"Katherine S. Newman, Hella Winston",Â£19.83,In stock
"Rat Queens, Vol. 3: Demons (Rat Queens (Collected Editions) #11-15)",Kurtis J. Wiebe,Â£50.40,In stock
"Princess Jellyfish 2-in-1 Omnibus, Vol. 01 (Princess Jellyfish 2-in-1 Omnibus #1)",Akiko Higashimura,Â£13.61,In stock
Princess Between Worlds (Wide-Awake Princess #5),E.D. Baker,Â£13.34,In stock
"Pop Gun War, Volume 1: Gift",Farel Dalrymple,Â£18.97,In stock
"Political Suicide: Missteps, Peccadilloes, Bad Calls, Backroom Hijinx, Sordid Pasts, Rotten Breaks, and Just Plain Dumb Mistakes in the Annals of American Politics",Erin McHugh,Â£36.28,In stock
Patience,Mike Berenstain,Â£10.16,In stock
"Outcast, Vol. 1: A Darkness Surrounds Him (Outcast #1)","Robert Kirkman, Paul (ART) Azaceta",Â£15.44,In stock
orange: The Complete Collection 1 (orange: The Complete Collection #1),Ichigo Takano,Â£48.41,In stock
Online Marketing for Busy Authors: A Step-By-Step Guide,Fauzia Burke,Â£46.35,In stock
On a Midnight Clear,William Wharton,Â£14.07,In stock
Obsidian (Lux #1),Jennifer L. Armentrout,Â£14.86,In stock
My Paris Kitchen: Recipes and Stories,David Lebovitz,Â£33.37,In stock
Masks and Shadows,Stephanie Burgis,Â£56.40,In stock
"Mama Tried: Traditional Italian Cooking for the Screwed, Crude, Vegan, and Tattooed",Cecilia Granata,Â£14.02,In stock
"Lumberjanes, Vol. 2: Friendship to the Max (Lumberjanes #5-8)","Noelle Stevenson, Grace Ellis, Brooke Allen, Shannon Watters",Â£46.91,In stock
"Lumberjanes, Vol. 1: Beware the Kitten Holy (Lumberjanes #1-4)","Noelle Stevenson, Grace Ellis, Shannon Watters",Â£45.61,In stock
Lumberjanes Vol. 3: A Terrible Plan (Lumberjanes #9-12),"Shannon Watters, ND Stevenson, Grace Ellis, Gus Allen",Â£19.92,In stock
"Layered: Baking, Building, and Styling Spectacular Cakes",Tessa Huff,Â£40.11,In stock
Judo: Seven Steps to Black Belt (an Introductory Guide for Beginners),Rodolfo Tello,Â£53.90,In stock
Join,Steve Toutonghi,Â£35.67,In stock
In the Country We Love: My Family Divided,"Diane Guerrero, Michelle Burford",Â£22.00,In stock
Immunity: How Elie Metchnikoff Changed the Course of Modern Medicine,Luba Vikhanski,Â£57.36,In stock
"I Hate Fairyland, Vol. 1: Madly Ever After (I Hate Fairyland (Compilations) #1-5)",Skottie Young,Â£29.17,In stock
I am a Hero Omnibus Volume 1,Kengo Hanzawa,Â£54.63,In stock
How to Be Miserable: 40 Strategies You Already Use,Randy J. Paterson,Â£46.03,In stock
Her Backup Boyfriend (The Sorensen Family #1),Ashlee Mallory,Â£33.97,In stock
"Giant Days, Vol. 2 (Giant Days #5-8)",John Allison,Â£22.11,In stock
Forever and Forever: The Courtship of Henry Longfellow and Fanny Appleton,Josi S. Kilpack,Â£29.69,In stock
First and First (Five Boroughs #3),"Lorenzo Maria dell'Uva, Massini Fulvio",Â£15.97,In stock
Fifty Shades Darker (Fifty Shades #2),E. L. James,Â£21.96,In stock
Everydata: The Misinformation Hidden in the Little Data You Consume Every Day,"John H. Johnson, Mike Gluck",Â£54.35,In stock
"Don't Be a Jerk: And Other Practical Advice from Dogen, Japan's Greatest Zen Master",Brad Warner,Â£37.97,In stock
Danganronpa Volume 1,Spike Chunsoft,Â£51.99,In stock
Crown of Midnight (Throne of Glass #2),Sarah J. Maas,Â£43.29,In stock
"Codename Baboushka, Volume 1: The Conclave of Death",Antony Johnston,Â£36.72,In stock
Camp Midnight,Steven T. Seagle,Â£17.08,In stock
Call the Nurse: True Stories of a Country Nurse on a Scottish Isle,Mary J. MacLeod,Â£29.14,In stock
Burning,Jessica Bruder,Â£28.81,In stock
Bossypants,Tina Fey,Â£49.46,In stock
"Bitch Planet, Vol. 1: Extraordinary Machine (Bitch Planet (Collected Editions))","Kelly Sue DeConnick, Valentine De Landro",Â£37.92,In stock
"Avatar: The Last Airbender: Smoke and Shadow, Part 3 (Smoke and Shadow #3)",Gene Luen Yang,Â£28.09,In stock
Algorithms to Live By: The Computer Science of Human Decisions,"Brian Christian, Tom Griffiths",Â£30.81,In stock
A World of Flavor: Your Gluten Free Passport,"Amber Barrett, Nancy Miller",Â£42.95,In stock
"A Piece of Sky, a Grain of Rice: A Memoir in Four Meditations",Christine Hale,Â£56.76,In stock
A Murder in Time,Julie McElwain,Â£16.64,In stock
A Flight of Arrows (The Pathfinders #2),Lori Benton,Â£55.53,In stock
A Fierce and Subtle Poison,Samantha Mabry,Â£28.13,In stock
A Court of Thorns and Roses (A Court of Thorns and Roses #1),Sarah J. Maas,Â£52.37,In stock
(Un)Qualified: How God Uses Broken People to Do Big Things,Steven Furtick,Â£54.00,In stock
You Are What You Love: The Spiritual Power of Habit,James K. A. Smith,Â£21.87,In stock
"William Shakespeare's Star Wars: Verily, A New Hope (William Shakespeare's Star Wars #4)",Ian Doescher,Â£43.30,In stock
Tuesday Nights in 1980,Molly Prentiss,Â£21.04,In stock
Tracing Numbers on a Train,"James McDonald, Rebecca McDonald",Â£41.60,In stock
Throne of Glass (Throne of Glass #1),Sarah J. Maas,Â£35.07,In stock
Thomas Jefferson and the Tripoli Pirates: The Forgotten War That Changed American History,"Brian Kilmeade, Don Yaeger",Â£59.64,In stock
Thirteen Reasons Why,Jay Asher,Â£52.72,In stock
The White Cat and the Monk: A Retelling of the Poem âPangur BÃ¡nâ,,Â£58.08,In stock
The Wedding Dress,Rachel Hauck,Â£24.12,In stock
The Vacationers,Emma Straub,Â£42.15,In stock
The Third Wave: An Entrepreneurâs Vision of the Future,Steve Case,Â£12.61,In stock
The Stranger,Albert Camus,Â£17.44,In stock
The Shadow Hero (The Shadow Hero),Gene Luen Yang,Â£33.14,In stock
The Secret (The Secret #1),Rhonda Byrne,Â£27.37,In stock
The Regional Office Is Under Attack!,Manuel Gonzales,Â£51.36,In stock
The Psychopath Test: A Journey Through the Madness Industry,Jon Ronson,Â£36.00,In stock
The Project,Courtney Summers,Â£10.65,In stock
The Power of Now: A Guide to Spiritual Enlightenment,Eckhart Tolle,Â£43.54,In stock
The Omnivore's Dilemma: A Natural History of Four Meals,Michael Pollan,Â£38.21,In stock
The Nerdy Nummies Cookbook: Sweet Treats for the Geek in All of Us,Rosanna Pansino,Â£37.34,In stock
The Murder of Roger Ackroyd (Hercule Poirot #4),Agatha Christie,Â£44.10,In stock
The Mistake (Off-Campus #2),Elle Kennedy,Â£43.29,In stock
The Matchmaker's Playbook (Wingmen Inc. #1),Rachel Van Dyken,Â£55.85,In stock
The Love and Lemons Cookbook: An Apple-to-Zucchini Celebration of Impromptu Cooking,Jeanine Donofrio,Â£37.60,In stock
The Long Shadow of Small Ghosts: Murder and Memory in an American City,Laura Tillman,Â£10.97,In stock
The Kite Runner,Khaled Hosseini,Â£41.82,In stock
The House by the Lake,Thomas Harding,Â£36.95,In stock
The Glittering Court (The Glittering Court #1),Richelle Mead,Â£44.28,In stock
The Girl on the Train,Paula Hawkins,Â£55.02,In stock
The Genius of Birds,Jennifer Ackerman,Â£17.24,In stock
The Emerald Mystery,Warner Perry,Â£23.15,In stock
The Cookies & Cups Cookbook: 125+ sweet & savory recipes reminding you to Always Eat Dessert First,Rebecca Firth,Â£41.25,In stock
The Bridge to Consciousness: I'm Writing the Bridge Between Science and Our Old and New Beliefs.,David J Conway,Â£32.00,In stock
The Artist's Way: A Spiritual Path to Higher Creativity,Julia Cameron,Â£38.49,In stock
The Art of War,Ralph D. Sawyer,Â£33.34,In stock
The Argonauts,Maggie Nelson,Â£10.93,In stock
The 10% Entrepreneur: Live Your Startup Dream Without Quitting Your Day Job,Patrick J. McGinnis,Â£27.55,In stock
Suddenly in Love (Lake Haven #1),Julia London,Â£55.99,In stock
Something More Than This,Patrick Ness,Â£16.24,In stock
Soft Apocalypse,Will McIntosh,Â£26.12,In stock
So You've Been Publicly Shamed,Jon Ronson,Â£12.23,In stock
Shoe Dog: A Memoir by the Creator of NIKE,Phil Knight,Â£23.99,In stock
"Shobu Samurai, Project Aryoku (#3)",Shinry,Â£29.06,In stock
Secrets and Lace (Fatal Hearts #1),Dori Lavelle,Â£20.27,In stock
Scarlett Epstein Hates It Here,Anna Breslaw,Â£43.55,In stock
Romero and Juliet: A Tragic Tale of Love and Zombies,Warren Fielding,Â£36.94,In stock
Redeeming Love,Francine Rivers,Â£20.47,In stock
Poses for Artists Volume 1 - Dynamic and Sitting Poses: An Essential Reference for Figure Drawing and the Human Form,Justin R. Martin,Â£41.06,In stock
Poems That Make Grown Women Cry,"Anthony Holden, Ben Holden",Â£14.19,In stock
"Nightingale, Sing",Robert Timberg,Â£38.28,In stock
Night Sky with Exit Wounds,Ocean Vuong,Â£41.05,In stock
Mrs. Houdini,Victoria Kelly,Â£30.25,In stock
Modern Romance,Aziz Ansari,Â£28.26,In stock
Miss Peregrineâs Home for Peculiar Children (Miss Peregrineâs Peculiar Children #1),Ransom Riggs,Â£10.76,In stock
Louisa: The Extraordinary Life of Mrs. Adams,Louisa Thomas,Â£16.85,In stock
Little Red,Zedong Mao,Â£13.47,In stock
Library of Souls (Miss Peregrineâs Peculiar Children #3),Ransom Riggs,Â£48.56,In stock
Large Print Heart of the Pride,Jane Austen,Â£19.15,In stock
I Had a Nice Time And Other Lies...: How to find love & sh*t like that,Betches,Â£57.36,In stock
Hollow City (Miss Peregrineâs Peculiar Children #2),Ransom Riggs,Â£42.98,In stock
Grumbles,"Tricia Goyer, Amy Parker",Â£22.16,In stock
Full Moon over Noahâs Ark: An Odyssey to Mount Ararat and Beyond,Rick Antonson,Â£49.43,In stock
Frostbite (Vampire Academy #2),Richelle Mead,Â£29.99,In stock
Follow You Home,"Mark Edwards, Professor of Early Christian Studies Mark Edwards, Dr",Â£21.36,In stock
First Steps for New Christians (Print Edition),Paul Chappell,Â£29.00,In stock
Finders Keepers (Bill Hodges Trilogy #2),Stephen King,Â£53.53,In stock
"Fables, Vol. 1: Legends in Exile (Fables #1)",Bill Willingham,Â£41.62,In stock
Eureka Trivia 6.0,Darrick Williams,Â£54.59,In stock
Drive: The Surprising Truth About What Motivates Us,Daniel H. Pink,Â£34.95,In stock
Done Rubbed Out (Reightman & Bailey #1),Jeffery Craig,Â£37.72,In stock
Doing It Over (Most Likely To #1),Sarah Watson,Â£35.61,In stock
"Deliciously Ella Every Day: Quick and Easy Recipes for Gluten-Free Snacks, Packed Lunches, and Simple Meals",Ella Woodward,Â£42.16,In stock
Dark Notes,Pam Godwin,Â£19.19,In stock
"Daring Greatly: How the Courage to Be Vulnerable Transforms the Way We Live, Love, Parent, and Lead",Brené Brown,Â£19.43,In stock
Close to You,Rachel Carter,Â£49.46,In stock
Chasing Heaven: What Dying Taught Me About Living,"Crystal McVea, Alex Tresniowski",Â£37.80,In stock
Big Magic: Creative Living Beyond Fear,Elizabeth Gilbert,Â£30.80,In stock
Becoming Wise: An Inquiry into the Mystery and Art of Living,Krista Tippett,Â£27.43,In stock
Beauty Restored (Riley Family Legacy Novellas #3),Rachel Skatvold,Â£11.11,In stock
Batman: The Long Halloween (Batman),Jeph Loeb,Â£36.50,In stock
Batman: The Dark Knight Returns (Batman),"Frank Miller, Klaus Janson, Lynn Varley",Â£15.38,In stock
Ayumi's Violin,Mariko Tatsumoto,Â£15.48,In stock
Anonymous,Bruce Hoffman,Â£46.82,In stock
Amy Meets the Saints and Sages,Ernie Rosenberg,Â£18.46,In stock
Amid the Chaos,Miranda Yates,Â£36.58,In stock
Amatus,Sushmita Shaw,Â£50.54,In stock
Agnostic: A Spirited Manifesto,Lesley Hazleton,Â£12.51,In stock
Zealot: The Life and Times of Jesus of Nazareth,Reza Aslan,Â£24.70,In stock
You (You #1),,Â£43.61,In stock
"Wonder Woman: Earth One, Volume One (Wonder Woman: Earth One #1)",Grant Morrison,Â£37.34,In stock
Wild Swans,Jung Chang,Â£14.36,In stock
Why the Right Went Wrong: Conservatism--From Goldwater to the Tea Party and Beyond,Ant Hive Media,Â£52.65,In stock
Whole Lotta Creativity Going On: 60 Fun and Unusual Exercises to Awaken and Strengthen Your Creativity,Regina Pacelli,Â£38.20,In stock
What's It Like in Space?: Stories from Astronauts Who've Been There,Ariel Waldman,Â£19.60,In stock
"We Are Robin, Vol. 1: The Vigilante Business (We Are Robin #1)",Lee Bermejo,Â£53.90,In stock
Walt Disney's Alice in Wonderland,RH Disney,Â£12.96,In stock
V for Vendetta (V for Vendetta Complete),Alan Moore,Â£37.10,In stock
Until Friday Night (The Field Party #1),Abbi Glines,Â£46.31,In stock
"Unbroken: A World War II Story of Survival, Resilience, and Redemption",Laura Hillenbrand,Â£45.95,In stock
Twenty Yawns,Jane Smiley,Â£22.08,In stock
Through the Woods,Emily Carroll,Â£25.38,In stock
This Is Where It Ends,Marieke Nijkamp,Â£27.12,In stock
The Year of Magical Thinking,Joan Didion,Â£43.04,In stock
The Wright Brothers,Fred C. Kelly,Â£56.80,In stock
The White Queen (The Cousins' War #1),"Philippa Gregory, David Baldwin, Michael Jones",Â£25.91,In stock
The Wedding Pact (The O'Malleys #2),Katee Robert,Â£32.61,In stock
The Time Keeper,Mitch Albom,Â£27.88,In stock
The Testament of Mary,Colm Toibin,Â£52.67,In stock
The Star-Touched Queen,Roshani Chokshi,Â£46.02,In stock
The Songs of the Gods,Azrael Ondi Ahman,Â£44.48,In stock
The Song of Achilles,Madeline Miller,Â£37.40,In stock
The Rosie Project (Don Tillman #1),Graeme Simsion,Â£54.04,In stock
The Power of Habit: Why We Do What We Do in Life and Business,Elite Summaries,Â£16.88,In stock
The Marriage of Opposites,Alice Hoffman,Â£28.08,In stock
The Lucifer Effect: Understanding How Good People Turn Evil,Philip Zimbardo,Â£10.40,In stock
The Long Haul (Diary of a Wimpy Kid #9),Jeff Kinney,Â£44.07,In stock
The Loney,Andrew Michael Hurley,Â£23.40,In stock
The Literature Book (Big Ideas Simply Explained),DK,Â£17.43,In stock
The Last Mile (Amos Decker #2),David Baldacci,Â£54.21,In stock
The Immortal Life of Henrietta Lacks,Rebecca Skloot,Â£40.67,In stock
The Hidden Oracle (The Trials of Apollo #1),Rick Riordan,Â£52.26,In stock
The Help Yourself Cookbook for Kids: 60 Easy Plant-Based Recipes Kids Can Make to Stay Healthy and Save the Earth,Ruby Roth,Â£28.77,In stock
The Guilty (Will Robie #4),David Baldacci,Â£13.82,In stock
The First Hostage (J.B. Collins #2),Joel C. Rosenberg,Â£25.85,In stock
The Dovekeepers,Alice Hoffman,Â£48.78,In stock
The Darkest Lie,Gena Showalter,Â£35.35,In stock
The Bane Chronicles (The Bane Chronicles #1-11),"Cassandra Clare, Sarah Rees Brennan, Maureen Johnson",Â£44.73,In stock
The Bad-Ass Librarians of Timbuktu: And Their Race to Save the Worldâs Most Precious Manuscripts,Joshua Hammer,Â£15.77,In stock
The 14th Colony (Cotton Malone #11),Steve Berry,Â£39.24,In stock
That Darkness (Gardiner and Renner #1),Lisa Black,Â£13.92,In stock
Tastes Like Fear (DI Marnie Rome #3),Sarah Hilary,Â£10.69,In stock
Take Me with You,Catherine Ryan Hyde,Â£45.21,In stock
Swell: A Year of Waves,Evan Slater,Â£45.58,In stock
Superman Vol. 1: Before Truth (Superman by Gene Luen Yang #1),Gene Luen Yang,Â£11.89,In stock
Still Life with Bread Crumbs,Anna Quindlen,Â£26.41,In stock
Steve Jobs,Walter Isaacson,Â£39.50,In stock
Sorting the Beef from the Bull: The Science of Food Fraud Forensics,"Richard Evershed, Nicola Temple",Â£44.74,In stock
Someone Like You (The Harrisons #2),Jennifer Gracen,Â£52.79,In stock
"So Cute It Hurts!!, Vol. 6 (So Cute It Hurts!! #6)",Go Ikeyamada,Â£35.43,In stock
Shtum,Jem Lester,Â£55.84,In stock
See America: A Celebration of Our National Parks & Treasured Sites,,Â£48.87,In stock
salt.,Mark Kurlansky,Â£46.78,In stock
Robin War,"Lee Bermejo, Tom King, Patrick Gleason, Ray Fawkes",Â£47.82,In stock
"Red Hood/Arsenal, Vol. 1: Open for Business (Red Hood/Arsenal #1)",Scott Lobdell,Â£25.48,In stock
Rain Fish,Lois Ehlert,Â£23.57,In stock
"Quarter Life Poetry: Poems for the Young, Broke and Hangry",Samantha Jayne,Â£50.89,In stock
Pet Sematary,Stephen King,Â£10.56,In stock
"Overload: How to Unplug, Unwind, and Unleash Yourself from the Pressure of Stress",Joyce Meyer,Â£52.15,In stock
Once Was a Time,Leila Sales,Â£18.28,In stock
Old School (Diary of a Wimpy Kid #10),Jeff Kinney,Â£11.83,In stock
No Dream Is Too High: Life Lessons From a Man Who Walked on the Moon,"Buzz Aldrin, Ken Abraham",Â£21.95,In stock
"Naruto (3-in-1 Edition), Vol. 14: Includes Vols. 40, 41 & 42 (Naruto: Omnibus #14)",Masashi Kishimoto,Â£38.39,In stock
My Name Is Lucy Barton,Elizabeth Strout,Â£41.56,In stock
My Mrs. Brown,William Norwich,Â£24.48,In stock
My Kind of Crazy,Robin Reul,Â£40.36,In stock
Mr. Mercedes (Bill Hodges Trilogy #1),Stephen King,Â£28.90,In stock
More Than Music (Chasing the Dream #1),,Â£37.61,In stock
Made to Stick: Why Some Ideas Survive and Others Die,"Chip Heath, Dan Heath",Â£38.85,In stock
Luis Paints the World,Terry Farish,Â£53.95,In stock
Luckiest Girl Alive,Jessica Knoll,Â£49.83,In stock
Lowriders to the Center of the Earth (Lowriders in Space #2),Cathy Camper,Â£51.51,In stock
Love Is a Mix Tape (Music #1),Rob Sheffield,Â£18.03,In stock
Looking for Lovely: Collecting the Moments that Matter,Annie F. Downs,Â£29.14,In stock
"Living Leadership by Insight: A Good Leader Achieves, a Great Leader Builds Monuments",Gardner E. Daniel,Â£46.91,In stock
Let It Out: A Journey Through Journaling,Katie Dalebout,Â£26.79,In stock
Lady Midnight (The Dark Artifices #1),Cassandra Clare,Â£16.28,In stock
"It's All Easy: Healthy, Delicious Weeknight Meals in under 30 Minutes",Gwyneth Paltrow,Â£19.55,In stock
Island of Dragons (Unwanteds #7),Lisa McMann,Â£29.65,In stock
I Know What I'm Doing -- and Other Lies I Tell Myself: Dispatches from a Life Under Construction,Jen Kirkman,Â£25.98,In stock
I Am Pilgrim (Pilgrim #1),Terry Hayes,Â£10.60,In stock
"Hyperbole and a Half: Unfortunate Situations, Flawed Coping Mechanisms, Mayhem, and Other Things That Happened",Allie Brosh,Â£14.75,In stock
"Hush, Hush (Hush, Hush #1)",Becca Fitzpatrick,Â£47.02,In stock
Hold Your Breath (Search and Rescue #1),Katie Ruggle,Â£28.82,In stock
Hamilton: The Revolution,"Lin-Manuel Miranda, Jeremy McCarter",Â£58.79,In stock
Greek Mythic History,Amy Hughes,Â£10.23,In stock
God: The Most Unpleasant Character in All Fiction,Dan Barker,Â£30.03,In stock
Glory over Everything: Beyond The Kitchen House,Kathleen Grissom,Â£45.84,In stock
Feathers: Displays of Brilliant Plumage,Robert Clark,Â£49.05,In stock
"Far & Away: Places on the Brink of Change: Seven Continents, Twenty-Five Years",Suzanne Brockmann,Â£15.06,In stock
Every Last Word,Tamara Ireland Stone,Â£46.47,In stock
Eligible (The Austen Project #4),Curtis Sittenfeld,Â£27.09,In stock
El Deafo,Nathan P. Jones,Â£57.62,In stock
Eight Hundred Grapes,Laura Dave,Â£14.39,In stock
"Eaternity: More than 150 Deliciously Easy Vegan Recipes for a Long, Healthy, Satisfied, Joyful Life",Jason Wrobel,Â£51.75,In stock
"Eat Fat, Get Thin",Dr. Mark Hyman,Â£54.07,In stock
Don't Get Caught,Kurt Dinan,Â£55.35,In stock
Doctor Sleep (The Shining #2),Stephen King,Â£40.12,In stock
Demigods & Magicians: Percy and Annabeth Meet the Kanes (Percy Jackson & Kane Chronicles Crossover #1-3),Eliza Robertson,Â£37.51,In stock
Dear Mr. Knightley,Katherine Reay,Â£11.21,In stock
Daily Fantasy Sports,Bill Ordine,Â£36.58,In stock
Crazy Love: Overwhelmed by a Relentless God,Francis Chan,Â£47.72,In stock
Cometh the Hour (The Clifton Chronicles #6),Jeffrey Archer,Â£25.01,In stock
Code Name Verity (Code Name Verity #1),Elizabeth E. Wein,Â£22.13,In stock
Clockwork Angel (The Infernal Devices #1),Cassandra Clare,Â£44.14,In stock
City of Glass (The Mortal Instruments #3),Cassandra Clare,Â£56.02,In stock
City of Fallen Angels (The Mortal Instruments #4),Cassandra Clare,Â£11.23,In stock
City of Bones (The Mortal Instruments #1),Cassandra Clare,Â£43.28,In stock
City of Ashes (The Mortal Instruments #2),Cassandra Clare,Â£47.27,In stock
Cell,"George Plopper, Diana Bebek Ivankovic",Â£20.29,In stock
Catching Jordan (Hundred Oaks),Miranda Kenneally,Â£50.83,In stock
"Carry On, Warrior: Thoughts on Life Unarmed",Glennon Doyle,Â£31.85,In stock
Carrie,Stephen King,Â£46.23,In stock
Buying In: The Secret Dialogue Between What We Buy and Who We Are,Rob Walker,Â£37.80,In stock
Brain on Fire: My Month of Madness,Susannah Cahalan,Â£49.32,In stock
Batman: Europa,Brian Azzarello,Â£32.01,In stock
Barefoot Contessa Back to Basics,Ina Garten,Â£28.01,In stock
Barefoot Contessa at Home: Everyday Recipes You'll Make Over and Over Again,Ina Garten,Â£50.62,In stock
Balloon Animals,Aaron Flanders,Â£17.03,In stock
Art Ops Vol. 1,Shaun Simon,Â£48.80,In stock
Aristotle and Dante Discover the Secrets of the Universe (Aristotle and Dante Discover the Secrets of the Universe #1),Benjamin Alire Sáenz,Â£58.14,In stock
Angels Walking (Angels Walking #1),Karen Kingsbury,Â£34.20,In stock
Angels & Demons (Robert Langdon #1),Billy Graham,Â£51.48,In stock
All the Light We Cannot See,Anthony Doerr,Â£29.87,In stock
"Adulthood Is a Myth: A ""Sarah's Scribbles"" Collection",Sarah Andersen,Â£10.90,In stock
Abstract City,Christoph Niemann,Â£56.37,In stock
A Time of Torment (Charlie Parker #14),John Connolly,Â£48.35,In stock
A Study in Scarlet (Sherlock Holmes #1),Sir Arthur Conan Doyle,Â£16.73,In stock
"A Series of Catastrophes and Miracles: A True Story of Love, Science, and Cancer",Mary Elizabeth Williams,Â£56.48,In stock
A People's History of the United States,Howard Zinn,Â£40.79,In stock
A Man Called Ove,Fredrik Backman,Â£39.72,In stock
A Distant Mirror: The Calamitous 14th Century,Barbara W. Tuchman,Â£14.58,In stock
A Brush of Wings (Angels Walking #3),Karen Kingsbury,Â£55.51,In stock
1491: New Revelations of the Americas Before Columbus,"Charles C. Mann, Rebecca Stefoff",Â£21.80,In stock
"The Three Searches, Meaning, and the Story",John H.T. Francis,Â£13.33,In stock
Searching for Meaning in Gailana,John H.T. Francis,Â£38.73,In stock
Rook,Sharon Cameron,Â£37.86,In stock
My Kitchen Year: 136 Recipes That Saved My Life,Ruth Reichl,Â£11.53,In stock
13 Hours: The Inside Account of What Really Happened In Benghazi,MItchell Zuckoff,Â£27.06,In stock
Will You Won't You Want Me?,Nora Zelevansky,Â£13.86,In stock
Tipping Point for Planet Earth: How Close Are We to the Edge?,"Anthony D. Barnosky, Elizabeth A. Hadly",Â£37.55,In stock
The Star-Touched Queen,Roshani Chokshi,Â£32.30,In stock
The Silent Sister (Riley MacPherson #1),Diane Chamberlain,Â£46.29,In stock
The Midnight Watch: A Novel of the Titanic and the Californian,David Dyer,Â£26.20,In stock
The Lonely City: Adventures in the Art of Being Alone,Olivia Laing,Â£33.26,In stock
The Gray Rhino: How to Recognize and Act on the Obvious Dangers We Ignore,Michele Wucker,Â£59.15,In stock
The Golden Condom: And Other Essays on Love Lost and Found,Jeanne Safer,Â£39.43,In stock
The Epidemic (The Program 0.6),Fabrizio Riguzzi,Â£14.44,In stock
The Dinner Party,Brenda Janowitz,Â£56.54,In stock
The Diary of a Young Girl,Anne Frank,Â£59.90,In stock
The Children,A. S. Byatt,Â£11.88,In stock
Stars Above (The Lunar Chronicles #4.5),Marissa Meyer,Â£48.05,In stock
Snatched: How A Drug Queen Went Undercover for the DEA and Was Kidnapped By Colombian Guerillas,Bruce Porter,Â£21.21,In stock
Raspberry Pi Electronics Projects for the Evil Genius,Donald Norris,Â£49.67,In stock
Quench Your Own Thirst: Business Lessons Learned Over a Beer or Two,"James Koch, Jim Koch",Â£43.14,In stock
Psycho: Sanitarium (Psycho #1.5),Chet Williamson,Â£36.97,In stock
Poisonous (Max Revere Novels #3),Allison Brennan,Â£26.80,In stock
One with You (Crossfire #5),Sylvia Day,Â£15.71,In stock
No Love Allowed (Dodge Cove #1),Kate Evangelista,Â£54.65,In stock
Murder at the 42nd Street Library (Raymond Ambler #1),Con Lehane,Â£54.36,In stock
Most Wanted,Lisa Scottoline,Â£35.28,In stock
"Love, Lies and Spies",Cindy Anstey,Â£20.55,In stock
How to Speak Golf: An Illustrated Guide to Links Lingo,Sally Cook,Â£58.32,In stock
Hide Away (Eve Duncan #20),Iris Johansen,Â£11.84,In stock
Furiously Happy: A Funny Book About Horrible Things,Jenny Lawson,Â£41.46,In stock
Everyday Italian: 125 Simple and Delicious Recipes,Giada De Laurentiis,Â£20.10,In stock
Equal Is Unfair: America's Misguided Fight Against Income Inequality,"Don Watkins, Yaron Brook",Â£56.86,In stock
Eleanor & Park,"Gare Thompson, Who HQ",Â£56.51,In stock
Dirty (Dive Bar #1),Kylie Scott,Â£40.83,In stock
Can You Keep a Secret? (Fear Street Relaunch #4),R. L. Stine,Â£48.64,In stock
Boar Island (Anna Pigeon #19),Nevada Barr,Â£59.48,In stock
A Paris Apartment,Michelle Gable,Â£39.01,In stock
"A la Mode: 120 Recipes in 60 Pairings: Pies, Tarts, Cakes, Crisps, and More Topped with Ice Cream, Gelato, Frozen Custard, and More","Mark Scarbrough, Bruce Weinstein",Â£38.77,In stock
Troublemaker: Surviving Hollywood and Scientology,"Leah Remini, Rebecca Paley",Â£48.39,In stock
The Widow,Fiona Barton,Â£27.26,In stock
"The Sleep Revolution: Transforming Your Life, One Night at a Time",Arianna Huffington,Â£11.68,In stock
The Improbability of Love,Hannah Rothschild,Â£59.45,In stock
The Art of Startup Fundraising,Alejandro Cremades,Â£21.00,In stock
Take Me Home Tonight (Rock Star Romance #3),Erika Kelly,Â£53.98,In stock
Sleeping Giants (Themis Files #1),Sylvain Neuvel,Â£48.74,In stock
"Setting the World on Fire: The Brief, Astonishing Life of St. Catherine of Siena",Shelley Emling,Â£21.15,In stock
Playing with Fire,Scott Rieckens,Â£13.71,In stock
Off the Hook (Fishing for Trouble #1),Laura Drewry,Â£47.67,In stock
Mothering Sunday,Graham Swift,Â£13.34,In stock
"Mother, Can You Not?",Kate Siegel,Â£16.89,In stock
M Train,Patti Smith,Â£27.18,In stock
Lilac Girls,Martha Hall Kelly,Â£17.28,In stock
Lies and Other Acts of Love,Kristy Woodson Harvey,Â£45.14,In stock
Lab Girl,Hope Jahren,Â£40.85,In stock
Keep Me Posted,Lisa Beazley,Â£20.46,In stock
It Didn't Start with You: How Inherited Family Trauma Shapes Who We Are and How to End the Cycle,Mark Wolynn,Â£56.27,In stock
Grey (Fifty Shades #4),E. L. James,Â£48.49,In stock
"Exit, Pursued by a Bear",E.K. Johnston,Â£51.34,In stock
Daredevils,Shawn Vestal,Â£16.34,In stock
Cravings: Recipes for What You Want to Eat,"Chrissy Teigen, Adeena Sussman",Â£20.50,In stock
Born for This: How to Find the Work You Were Meant to Do,Chris Guillebeau,Â£21.59,In stock
Arena,Holly Jennings,Â£21.36,In stock
Adultery,Paulo Coelho,Â£20.88,In stock
A Mother's Reckoning: Living in the Aftermath of Tragedy,Sue Klebold,Â£19.53,In stock
A Gentleman's Position (Society of Gentlemen #3),KJ Charles,Â£14.75,In stock
11/22/63,Stephen King,Â£48.48,In stock
"10% Happier: How I Tamed the Voice in My Head, Reduced Stress Without Losing My Edge, and Found Self-Help That Actually Works",Dan Harris,Â£24.57,In stock
10-Day Green Smoothie Cleanse: Lose Up to 15 Pounds in 10 Days!,JJ Smith,Â£49.71,In stock
Without Shame,Barbara Theodosiou,Â£48.27,In stock
Watchmen,Alan Moore,Â£58.05,In stock
Unlimited Intuition Now,Catherine Carrigan,Â£58.87,In stock
Underlying Notes,Eva Pasco,Â£11.82,In stock
The Shack,William P. Young,Â£28.03,In stock
The New Brand You: Your New Image Makes the Sale for You,Julie Broad,Â£44.05,In stock
"The Moosewood Cookbook: Recipes from Moosewood Restaurant, Ithaca, New York",Mollie Katzen,Â£12.34,In stock
The Flowers Lied,Stephen Collins Foster,Â£16.68,In stock
"The Fabric of the Cosmos: Space, Time, and the Texture of Reality",Brian Greene,Â£55.91,In stock
The Book of Mormon,Grant Hardy,Â£24.57,In stock
The Art and Science of Low Carbohydrate Living,"Jeff S. Volek, Phd Stephen D. Phinney MD, Rd Jeff S. Volek Phd, Stephen D. Phinney",Â£52.98,In stock
The Alien Club,Trel W. Sidoruk,Â£54.40,In stock
Suzie Snowflake: One beautiful flake (a self-esteem story),Crystal Rose,Â£54.81,In stock
Nap-a-Roo,Kristy Kurjan,Â£25.08,In stock
"NaNo What Now? Finding your editing process, revising your NaNoWriMo book and building a writing career through publishing and beyond",Hillary DePiano,Â£10.41,In stock
Modern Day Fables,Robert Henry Coleman,Â£47.44,In stock
If I Gave You God's Phone Number....: Searching for Spirituality in America,Mare Cromwell,Â£20.91,In stock
"Fruits Basket, Vol. 9 (Fruits Basket #9)",Natsuki Takaya,Â£33.95,In stock
Dress Your Family in Corduroy and Denim,David Sedaris,Â£43.68,In stock
Don't Forget Steven,P.D. Workman,Â£33.23,In stock
Chernobyl 01:23:40: The Incredible True Story of the World's Worst Nuclear Disaster,Andrew Leatherbarrow,Â£35.92,In stock
Art and Fear: Observations on the Perils (and Rewards) of Artmaking,"David Bayles, Ted Orland",Â£48.63,In stock
A Shard of Ice (The Black Symphony Saga #1),Alivia Anders,Â£56.63,In stock
A Hero's Curse (The Unseen Chronicles #1),Lewis Wingfield,Â£50.49,In stock
23 Degrees South: A Tropical Tale of Changing Whether...,"John Ross, Beth Ross",Â£35.79,In stock
"Zero to One: Notes on Startups, or How to Build the Future","Peter Thiel, Blake Masters",Â£34.06,In stock
Why Not Me?,Mindy Kaling,Â£17.76,In stock
When Breath Becomes Air,Paul Kalanithi,Â£39.36,In stock
Vagabonding: An Uncommon Guide to the Art of Long-Term World Travel,Rolf Potts,Â£36.94,In stock
The Unlikely Pilgrimage of Harold Fry (Harold Fry #1),Rachel Joyce,Â£43.62,In stock
The New Drawing on the Right Side of the Brain,Betty Edwards,Â£43.02,In stock
"The Midnight Assassin: Panic, Scandal, and the Hunt for America's First Serial Killer",Skip Hollandsworth,Â£28.45,In stock
The Martian (The Martian #1),Andy Weir,Â£41.39,In stock
The High Mountains of Portugal,Yann Martel,Â£51.15,In stock
The Grownup,Gillian Flynn,Â£35.88,In stock
The E-Myth Revisited: Why Most Small Businesses Don't Work and What to Do About It,Readtrepreneur Publishing,Â£36.91,In stock
South of Sunshine,Dana Elmendorf,Â£28.93,In stock
Smarter Faster Better: The Secrets of Being Productive in Life and Business,Charles Duhigg,Â£38.89,In stock
Silence in the Dark (Logan Point #4),Patricia Bradley,Â£58.33,In stock
Shadows of the Past (Logan Point #1),Patricia Bradley,Â£39.67,In stock
Roller Girl,Victoria Jamieson,Â£14.10,In stock
Rising Strong,Brené Brown,Â£21.82,In stock
Proofs of God: Classical Arguments from Tertullian to Barth,Matthew Levering,Â£54.21,In stock
Please Kill Me: The Uncensored Oral History of Punk,"Legs McNeil, Gillian McCain",Â£31.19,In stock
Out of Print: City Lights Spotlight No. 14,Julian Brolaski,Â£53.64,In stock
My Life Next Door (My Life Next Door ),Huntley Fitzpatrick,Â£36.39,In stock
Miller's Valley,Anna Quindlen,Â£58.54,In stock
Man's Search for Meaning,Viktor E. Frankl,Â£29.48,In stock
"Love That Boy: What Two Presidents, Eight Road Trips, and My Son Taught Me About a Parent's Expectations",Ron Fournier,Â£25.06,In stock
Living Forward: A Proven Plan to Stop Drifting and Get the Life You Want,"Michael Hyatt, Daniel Harkavy",Â£12.55,In stock
Les Fleurs du Mal,Charles Baudelaire,Â£29.04,In stock
Left Behind (Left Behind #1),Lily Geismer,Â£40.72,In stock
Kill 'Em and Leave: Searching for James Brown and the American Soul,James McBride,Â£45.05,In stock
Kierkegaard: A Christian Missionary to Christians,Mark A. Tietjen,Â£47.13,In stock
John Vassos: Industrial Design for Modern Life,Danielle Shapiro,Â£20.22,In stock
I'll Give You the Sun,Jandy Nelson,Â£56.48,In stock
I Will Find You,Joanna Connors,Â£44.21,In stock
Hystopia: A Novel,David Means,Â£21.96,In stock
Howl and Other Poems,Allen Ginsberg,Â£40.45,In stock
History of Beauty,Geoffrey Jones,Â£10.29,In stock
Heaven is for Real: A Little Boy's Astounding Story of His Trip to Heaven and Back,Todd Burpo,Â£52.86,In stock
Future Shock (Future Shock #1),Alvin Toffler,Â£55.65,In stock
Ender's Game (The Ender Quintet #1),Orson Scott Card,Â£43.64,In stock
Diary of a Citizen Scientist: Chasing Tiger Beetles and Other New Ways of Engaging the World,Sharman Apt Russell,Â£28.41,In stock
Death by Leisure: A Cautionary Tale,Christine Moore,Â£37.51,In stock
Brilliant Beacons: A History of the American Lighthouse,Eric Jay Dolin,Â£11.45,In stock
Brazen: The Courage to Find the You That's Been Hiding,Leeana Tankersley,Â£19.22,In stock
Between the World and Me,Ta-Nehisi Coates,Â£56.91,In stock
Being Mortal: Medicine and What Matters in the End,Atul Gawande,Â£55.06,In stock
"A Murder Over a Girl: Justice, Gender, Junior High",Ken Corbett,Â£13.20,In stock
32 Yolks,"Eric Ripert, Veronica Chambers",Â£53.63,In stock
"""Most Blessed of the Patriarchs"": Thomas Jefferson and the Empire of the Imagination","Annette Gordon-Reed, Peter S. Onuf",Â£44.48,In stock
You Are a Badass: How to Stop Doubting Your Greatness and Start Living an Awesome Life,Jen Sincero,Â£12.08,In stock
Wildlife of New York: A Five-Borough Coloring Book,,Â£22.14,In stock
What Happened on Beale Street (Secrets of the South Mysteries #2),Mary Ellis,Â£25.37,In stock
Unreasonable Hope: Finding Faith in the God Who Brings Purpose to Your Pain,Chad Veach,Â£46.33,In stock
Under the Tuscan Sun,Frances Mayes,Â£37.33,In stock
Toddlers Are A**holes: It's Not Your Fault,Bunmi Laditan,Â£25.55,In stock
The Year of Living Biblically: One Man's Humble Quest to Follow the Bible as Literally as Possible,A. J. Jacobs,Â£34.72,In stock
The Whale,Mark Beauregard,Â£35.96,In stock
The Story of Art,Ernst Hans Gombrich,Â£41.14,In stock
The Origin of Species,Charles Darwin,Â£10.01,In stock
The Great Gatsby,F. Scott Fitzgerald,Â£36.05,In stock
The Good Girl,Mary Kubica,Â£49.03,In stock
The Glass Castle,Jeannette Walls,Â£16.24,In stock
The Faith of Christopher Hitchens: The Restless Soul of the World's Most Notorious Atheist,Larry Alex Taunton,Â£39.55,In stock
The Drowning Girls,Lisa Regan,Â£35.67,In stock
The Constant Princess (The Tudor Court #1),Philippa Gregory,Â£16.62,In stock
The Bourne Identity (Jason Bourne #1),Robert Ludlum,Â£42.78,In stock
The Bachelor Girl's Guide to Murder (Herringford and Watts Mysteries #1),Rachel McMillan,Â£52.30,In stock
The Art Book,Amanda Renshaw,Â£32.34,In stock
The 7 Habits of Highly Effective People: Powerful Lessons in Personal Change,Stephen R. Covey,Â£33.17,In stock
Team of Rivals: The Political Genius of Abraham Lincoln,Doris Kearns Goodwin,Â£20.12,In stock
Steal Like an Artist: 10 Things Nobody Told You About Being Creative,Austin Kleon,Â£20.90,In stock
"Sit, Stay, Love",J. J. Howard,Â£20.90,In stock
Sister Dear,Anne Ross COLLINSON,Â£40.20,In stock
"Shrunken Treasures: Literary Classics, Short, Sweet, and Silly",Scott Nash,Â£52.87,In stock
"Rich Dad, Poor Dad",Robert T. Kiyosaki,Â£51.74,In stock
Raymie Nightingale,Kate DiCamillo,Â£34.41,In stock
Playing from the Heart,Peter H. Reynolds,Â£32.38,In stock
Nightstruck: A Novel,Jenna Black,Â£50.35,In stock
"Naturally Lean: 125 Nourishing Gluten-Free, Plant-Based Recipes--All Under 300 Calories",Allyson Kramer,Â£11.38,In stock
Meternity,AV Raman,Â£43.58,In stock
Memoirs of a Geisha,Arthur Golden,Â£49.67,In stock
Like Never Before (Walker Family #2),Melissa Tagg,Â£28.77,In stock
Life of Pi,Yann Martel,Â£13.22,In stock
Leave This Song Behind: Teen Poetry at Its Best,"John Meyer, Stephanie H. Meyer, Adam Halwitz, Cindy W. Spertner",Â£51.17,In stock
King's Folly (The Kinsman Chronicles #1),Jill Williamson,Â£39.61,In stock
John Adams,John Willard Milnor,Â£57.43,In stock
How to Cook Everything Vegetarian: Simple Meatless Recipes for Great Food (How to Cook Everything),Mark Bittman,Â£46.01,In stock
How to Be a Domestic Goddess: Baking and the Art of Comfort Cooking,Nigella Lawson,Â£28.25,In stock
Good in Bed (Cannie Shapiro #1),Jennifer Weiner,Â£37.05,In stock
"Fruits Basket, Vol. 7 (Fruits Basket #7)",Natsuki Takaya,Â£19.57,In stock
For the Love: Fighting for Grace in a World of Impossible Standards,Jen Hatmaker,Â£45.13,In stock
Finding God in the Ruins: How God Redeems Pain,Matt Bays,Â£46.64,In stock
Every Heart a Doorway (Every Heart A Doorway #1),Seanan McGuire,Â£12.16,In stock
Delivering the Truth (Quaker Midwife Mystery #1),Edith Maxwell,Â£20.89,In stock
Counted With the Stars (Out from Egypt #1),Connilyn Cossette,Â£17.97,In stock
"Chronicles, Vol. 1",Bob Dylan,Â£52.60,In stock
Blue Like Jazz: Nonreligious Thoughts on Christian Spirituality,Donald Miller,Â£25.77,In stock
Benjamin Franklin: An American Life,H. W. Brands,Â£48.19,In stock
"At The Existentialist CafÃ©: Freedom, Being, and apricot cocktails with: Jean-Paul Sartre, Simone de Beauvoir, Albert Camus, Martin Heidegger, Edmund Husserl, Karl Jaspers, Maurice Merleau-Ponty and others",Sarah Bakewell,Â£29.93,In stock
A Summer In Europe,Marilyn Brant,Â£44.34,In stock
A Short History of Nearly Everything,Bill Bryson,Â£52.40,In stock
A Gathering of Shadows (Shades of Magic #2),V. E. Schwab,Â£44.81,In stock
The Sound Of Love,Rin Ogata,Â£57.84,In stock
The Rise and Fall of the Third Reich: A History of Nazi Germany,William Lawrence Shirer,Â£39.67,In stock
The Perks of Being a Wallflower,Stephen Chbosky,Â£55.02,In stock
The Mysterious Affair at Styles (Hercule Poirot #1),Agatha Christie,Â£24.80,In stock
The Man Who Mistook His Wife for a Hat and Other Clinical Tales,"Oliver Sacks, Oliver W. Sacks",Â£59.45,In stock
The Makings of a Fatherless Child,Chandler Alexander,Â£31.58,In stock
The Joy of Cooking,"Irma S. Rombauer, Marion Rombauer Becker",Â£43.27,In stock
The Invention of Wings,Sue Monk Kidd,Â£37.34,In stock
The Hobbit (Middle-Earth Universe),J. R. R. Tolkien,Â£17.80,In stock
The Great Railway Bazaar,Paul Theroux,Â£30.54,In stock
The Golden Compass (His Dark Materials #1),"Philip Pullman, Melissa Castrillon",Â£18.77,In stock
The God Delusion,Richard Dawkins,Â£46.85,In stock
The Girl You Left Behind (The Girl You Left Behind #1),Jojo Moyes,Â£15.79,In stock
The Fellowship of the Ring (The Lord of the Rings #1),John Ronald Reuel Tolkien,Â£10.27,In stock
The Collected Poems of W.B. Yeats (The Collected Works of W.B. Yeats #1),William Butler Yeats,Â£15.42,In stock
The Barefoot Contessa Cookbook,Ina Garten,Â£59.92,In stock
Tell the Wolves I'm Home,Carol Rifka Brunt,Â£50.96,In stock
Ship Leaves Harbor: Essays on Travel by a Recovering Journeyman,WALT WHITMAN,Â£30.60,In stock
Pride and Prejudice,Jane Austen,Â£19.27,In stock
Musicophilia: Tales of Music and the Brain,Oliver Sacks,Â£46.58,In stock
Mere Christianity,C. S. Lewis,Â£48.51,In stock
Me Before You (Me Before You #1),Jojo Moyes,Â£19.02,In stock
In the Woods (Dublin Murder Squad #1),,Â£38.38,In stock
In Cold Blood,Truman Capote,Â£49.98,In stock
How to Stop Worrying and Start Living,Dale Carnegie,Â£46.49,In stock
Give It Back,Danielle Esplin,Â£18.32,In stock
"Girl, Interrupted",Susanna Kaysen,Â£42.14,In stock
Fun Home: A Family Tragicomic,Alison Bechdel,Â£56.59,In stock
"Fruits Basket, Vol. 6 (Fruits Basket #6)",Natsuki Takaya,Â£20.96,In stock
Deception Point,Dan Brown,Â£40.32,In stock
"Death Note, Vol. 6: Give-and-Take (Death Note #6)",Tsugumi Ohba,Â£36.39,In stock
Catherine the Great: Portrait of a Woman,Robert K. Massie,Â£58.55,In stock
Better Homes and Gardens New Cook Book,Better Homes & Gardens,Â£39.61,In stock
An Unquiet Mind: A Memoir of Moods and Madness,Kay Redfield Jamison,Â£21.30,In stock
A Year in Provence (Provence #1),Peter Mayle,Â£56.88,In stock
World Without End (The Pillars of the Earth #2),Ken Follett,Â£32.97,In stock
"Will Grayson, Will Grayson (Will Grayson, Will Grayson)","John Green, David Levithan",Â£47.31,In stock
Why Save the Bankers?: And Other Essays on Our Economic and Political Crisis,Thomas Piketty,Â£48.67,In stock
Where She Went (If I Stay #2),Gayle Forman,Â£41.73,In stock
What If?: Serious Scientific Answers to Absurd Hypothetical Questions,Randall Munroe,Â£53.68,In stock
Two Summers,AIMEE FRIEDMAN,Â£14.64,In stock
This Is Your Brain on Music: The Science of a Human Obsession,Daniel J. Levitin,Â£38.40,In stock
The Secret Garden,Frances Hodgson Burnett,Â£15.08,In stock
The Raven King (The Raven Cycle #4),Maggie Stiefvater,Â£30.57,In stock
The Raven Boys (The Raven Cycle #1),Maggie Stiefvater,Â£57.74,In stock
The Power Greens Cookbook: 140 Delicious Superfood Recipes,Dana Jacobi,Â£11.05,In stock
The Metamorphosis,Franz Kafka,Â£28.58,In stock
The Mathews Men: Seven Brothers and the War Against Hitler's U-boats,William Geroux,Â£42.91,In stock
The Little Paris Bookshop,Nina George,Â£24.73,In stock
The Hiding Place,"Corrie Ten Boom, John Sherrill",Â£55.91,In stock
The Grand Design,"Stephen Hawking, Leonard Mlodinow",Â£13.76,In stock
The Firm,Duff McDonald,Â£45.56,In stock
The Fault in Our Stars,John Green,Â£47.22,In stock
The False Prince (The Ascendance Trilogy #1),Jennifer A. Nielsen,Â£56.00,In stock
The Expatriates,Janice Y. K. Lee,Â£44.58,In stock
The Dream Thieves (The Raven Cycle #2),Maggie Stiefvater,Â£34.50,In stock
The Darkest Corners,Kara Thomas,Â£11.33,In stock
The Crossover,Kwame Alexander,Â£38.77,In stock
The 5th Wave (The 5th Wave #1),Rick Yancey,Â£11.83,In stock
Tell the Wind and Fire,Sarah Rees Brennan,Â£45.51,In stock
Tell Me Three Things,Julie Buxbaum,Â£41.81,In stock
Talking to Girls About Duran Duran: One Young Man's Quest for True Love and a Cooler Haircut,Rob Sheffield,Â£25.15,In stock
Siddhartha,Hermann Hesse,Â£34.22,In stock
Shiver (The Wolves of Mercy Falls #1),Maggie Stiefvater,Â£16.23,In stock
Remember Me?,Sophie Kinsella,Â£11.48,In stock
Red Dragon (Hannibal Lecter #1),Thomas Harris,Â£23.37,In stock
Peak: Secrets from the New Science of Expertise,"Anders Ericsson, Robert Pool",Â£16.28,In stock
My Mother Was Nuts,Penny Marshall,Â£31.63,In stock
Mexican Today: New and Rediscovered Recipes for Contemporary Kitchens,Pati Jinich,Â£24.91,In stock
Maybe Something Beautiful: How Art Transformed a Neighborhood,"F. Isabel Campoy, Theresa Howell",Â£22.54,In stock
Lola and the Boy Next Door (Anna and the French Kiss #2),Stephanie Perkins,Â£23.63,In stock
Logan Kade (Fallen Crest High #5.5),Tijan,Â£13.12,In stock
Last One Home (New Beginnings #1),Debbie Macomber,Â£59.98,In stock
Killing Floor (Jack Reacher #1),Lee Child,Â£31.49,In stock
Kill the Boy Band,Goldy Moldavsky,Â£15.52,In stock
Isla and the Happily Ever After (Anna and the French Kiss #3),Stephanie Perkins,Â£48.13,In stock
If I Stay (If I Stay #1),Gayle Forman,Â£38.13,In stock
I Know Why the Caged Bird Sings (Maya Angelou's Autobiography #1),Maya Angelou,Â£36.55,In stock
Harry Potter and the Deathly Hallows (Harry Potter #7),J. K. Rowling,Â£23.32,In stock
"Fruits Basket, Vol. 5 (Fruits Basket #5)",Natsuki Takaya,Â£16.33,In stock
Foundation (Foundation (Publication Order) #1),Isaac Asimov,Â£32.42,In stock
Fool Me Once,Harlan Coben,Â£16.96,In stock
Find Her (Detective D.D. Warren #8),Lisa Gardner,Â£22.37,In stock
Evicted: Poverty and Profit in the American City,Matthew Desmond,Â£42.27,In stock
Drama,Raina Telgemeier,Â£38.70,In stock
Dracula the Un-Dead,"Dacre Stoker, Ian Holt",Â£35.63,In stock
Digital Fortress,Dan Brown,Â£58.00,In stock
"Death Note, Vol. 5: Whiteout (Death Note #5)",Tsugumi Ohba,Â£52.41,In stock
"Data, A Love Story: How I Gamed Online Dating to Meet My Match",Amy Webb,Â£32.35,In stock
Critique of Pure Reason,Immanuel Kant,Â£20.75,In stock
Booked,Kwame Alexander,Â£17.49,In stock
"Blue Lily, Lily Blue (The Raven Cycle #3)",Maggie Stiefvater,Â£34.13,In stock
Approval Junkie: Adventures in Caring Too Much,Faith Salie,Â£58.81,In stock
An Abundance of Katherines,John Green,Â£10.00,In stock
America's War for the Greater Middle East: A Military History,Andrew J. Bacevich,Â£51.22,In stock
Alight (The Generations Trilogy #2),Scott Sigler,Â£58.59,In stock
A Girl's Guide to Moving On (New Beginnings #2),Debbie Macomber,Â£31.30,In stock
A Game of Thrones (A Song of Ice and Fire #1),"Jes Battis, Susan Johnston",Â£46.42,In stock
A Feast for Crows (A Song of Ice and Fire #4),George R. R. Martin,Â£17.21,In stock
A Clash of Kings (A Song of Ice and Fire #2),George R. R. Martin,Â£10.79,In stock
Vogue Colors A to Z: A Fashion Coloring Book,Valerie Steiker,Â£52.35,In stock
The Shining (The Shining #1),Stephen King,Â£27.88,In stock
The Pilgrim's Progress,John Bunyan,Â£50.26,In stock
The Perfect Play (Play by Play #1),Jaci Burton,Â£59.99,In stock
The Passion of Dolssa,Julie Berry,Â£28.32,In stock
The Jazz of Physics: The Secret Link Between Music and the Structure of the Universe,Stephon Alexander,Â£38.71,In stock
The Hunger Games (The Hunger Games #1),Kate Egan,Â£29.85,In stock
The Hound of the Baskervilles (Sherlock Holmes #5),Arthur Conan Doyle,Â£14.82,In stock
The Gunning of America: Business and the Making of American Gun Culture,Pamela Haag,Â£16.81,In stock
The Geography of Bliss: One Grump's Search for the Happiest Places in the World,Eric Weiner,Â£28.23,In stock
The Demonists (Demonist #1),Thomas E. Sniegoski,Â£52.11,In stock
"The Demon Prince of Momochi House, Vol. 4 (The Demon Prince of Momochi House #4)",Aya Shouoto,Â£27.88,In stock
The Bone Hunters (Lexy Vaughan & Steven Macaulay #2),Robert J. Mrazek,Â£59.71,In stock
The Beast (Black Dagger Brotherhood #14),J.R. Ward,Â£46.08,In stock
Some Women,Emily Liebert,Â£13.73,In stock
Shopaholic Ties the Knot (Shopaholic #3),Sophie Kinsella,Â£48.39,In stock
Paper and Fire (The Great Library #2),Rachel Caine,Â£49.45,In stock
Outlander (Outlander #1),Diana Gabaldon,Â£19.67,In stock
"Orchestra of Exiles: The Story of Bronislaw Huberman, the Israel Philharmonic, and the One Thousand Jews He Saved from Nazi Horrors","Josh Aronson, Denise George",Â£12.36,In stock
No One Here Gets Out Alive,"Jerry Hopkins, Daniel Sugerman",Â£20.02,In stock
Night Shift (Night Shift #1-20),Stephen King,Â£12.75,In stock
Needful Things,Stephen King,Â£47.51,In stock
Mockingjay (The Hunger Games #3),Suzanne Collins,Â£20.44,In stock
Misery,Stephen King,Â£34.79,In stock
Little Women (Little Women #1),Louisa May Alcott,Â£28.07,In stock
It,Donte Ledbetter,Â£25.01,In stock
Harry Potter and the Sorcerer's Stone (Harry Potter #1),J.K. Rowling,Â£13.90,In stock
Harry Potter and the Prisoner of Azkaban (Harry Potter #3),J.K. Rowling,Â£24.17,In stock
Harry Potter and the Order of the Phoenix (Harry Potter #5),J. K. Rowling,Â£31.63,In stock
Harry Potter and the Half-Blood Prince (Harry Potter #6),J.K. Rowling,Â£48.75,In stock
Harry Potter and the Chamber of Secrets (Harry Potter #2),J.K. Rowling,Â£14.74,In stock
Gone with the Wind,Margaret Mitchell,Â£32.49,In stock
God Is Not Great: How Religion Poisons Everything,Christopher Hitchens,Â£27.80,In stock
Girl With a Pearl Earring,Tracy Chevalier,Â£26.77,In stock
"Fruits Basket, Vol. 4 (Fruits Basket #4)",Natsuki Takaya,Â£50.44,In stock
Far From True (Promise Falls Trilogy #2),Linwood Barclay,Â£34.93,In stock
Dark Lover (Black Dagger Brotherhood #1),J.R. Ward,Â£12.87,In stock
Confessions of a Shopaholic (Shopaholic #1),Sophie Kinsella,Â£48.94,In stock
Changing the Game (Play by Play #2),Jaci Burton,Â£13.38,In stock
Candide,Francois Voltaire,Â£58.63,In stock
Can You Keep a Secret?,Sophie Kinsella,Â£21.94,In stock
Atlas Shrugged,Ayn Rand,Â£26.58,In stock
Animal Farm,Geoffrey Leigh Cook,Â£57.22,In stock
A Walk to Remember,Nicholas Sparks,Â£56.43,In stock
A New Earth: Awakening to Your Life's Purpose,Eckhart Tolle,Â£55.65,In stock
"A History of God: The 4,000-Year Quest of Judaism, Christianity, and Islam",Karen Armstrong,Â£27.62,In stock
'Salem's Lot,Stephen King,Â£49.56,In stock
Zero History (Blue Ant #3),William Gibson,Â£34.77,In stock
Wuthering Heights,Emily Brontë,Â£17.73,In stock
World War Z: An Oral History of the Zombie War,Max Brooks,Â£21.80,In stock
Wild: From Lost to Found on the Pacific Crest Trail,Cheryl Strayed,Â£46.02,In stock
"Where'd You Go, Bernadette",Maria Semple,Â£18.13,In stock
When You Are Engulfed in Flames,David Sedaris,Â£30.89,In stock
We the People: The Modern-Day Figures Who Have Reshaped and Affirmed the Founding Fathers' Vision of America,Juan Williams,Â£31.95,In stock
We Are All Completely Beside Ourselves,Karen Joy Fowler,Â£24.04,In stock
Walk the Edge (Thunder Road #2),Katie McGarry,Â£32.36,In stock
Voyager (Outlander #3),Diana Gabaldon,Â£21.07,In stock
Very Good Lives: The Fringe Benefits of Failure and the Importance of Imagination,J. K. Rowling,Â£50.66,In stock
Vegan Vegetarian Omnivore: Dinner for Everyone at the Table,Anna Thomas,Â£13.66,In stock
"Unstuffed: Decluttering Your Home, Mind, and Soul",Ruth Soukup,Â£58.09,In stock
Under the Banner of Heaven: A Story of Violent Faith,Jon Krakauer,Â£30.00,In stock
Two Boys Kissing,David Levithan,Â£32.74,In stock
Twilight (Twilight #1),Pablo Neruda,Â£41.93,In stock
Twenties Girl,Sophie Kinsella,Â£42.80,In stock
"Trespassing Across America: One Man's Epic, Never-Done-Before (and Sort of Illegal) Hike Across the Heartland",Ken Ilgunas,Â£53.51,In stock
Three-Martini Lunch,Suzanne Rindell,Â£23.21,In stock
"Thinking, Fast and Slow",Daniel Kahneman,Â£21.14,In stock
The Wild Robot,Peter Brown,Â£56.07,In stock
"The Wicked + The Divine, Vol. 3: Commercial Suicide (The Wicked + The Divine)","Kieron Gillen, Jamie Mckelvie",Â£14.41,In stock
The Undomestic Goddess,Sophie Kinsella,Â£45.75,In stock
The Travelers,Regina Porter,Â£15.77,In stock
The Tipping Point: How Little Things Can Make a Big Difference,Malcolm Gladwell,Â£10.02,In stock
The Thing About Jellyfish,Ali Benjamin,Â£48.77,In stock
The Stand,Stephen King,Â£57.86,In stock
The Smitten Kitchen Cookbook,Deb Perelman,Â£23.59,In stock
The Silkworm (Cormoran Strike #2),Robert Galbraith,Â£23.05,In stock
"The Sandman, Vol. 3: Dream Country (The Sandman (volumes) #3)",Neil Gaiman,Â£55.55,In stock
The Rose & the Dagger (The Wrath and the Dawn #2),Tiffany Reisz,Â£58.64,In stock
The Road to Little Dribbling: Adventures of an American in Britain (Notes From a Small Island #2),Bill Bryson,Â£23.21,In stock
The Rise of Theodore Roosevelt (Theodore Roosevelt #1),Edmund Morris,Â£42.57,In stock
The Restaurant at the End of the Universe (Hitchhiker's Guide to the Galaxy #2),Douglas Adams,Â£10.92,In stock
The Rest Is Noise: Listening to the Twentieth Century,Alex Ross,Â£34.77,In stock
The Red Tent,Anita Diamant,Â£35.66,In stock
The Purpose Driven Life: What on Earth Am I Here for?,Rick Warren,Â£37.19,In stock
The Purest Hook (Second Circle Tattoos #3),Scarlett Cole,Â£12.25,In stock
The Picture of Dorian Gray,Oscar Wilde,Â£29.70,In stock
The Paris Wife,Paula McLain,Â£36.80,In stock
The Obsession,Jesse Q. Sutanto,Â£45.43,In stock
The Nightingale,Kristin Hannah,Â£26.26,In stock
The New Guy (and Other Senior Year Distractions),Amy Spalding,Â£44.92,In stock
The Nanny Diaries (Nanny #1),"Emma McLaughlin, Nicola Kraus",Â£52.53,In stock
The Name of God is Mercy,Pope Francis,Â£37.25,In stock
The Maze Runner (The Maze Runner #1),James Dashner,Â£20.93,In stock
The Lover's Dictionary,David Levithan,Â£58.09,In stock
The Lonely Ones,Kelsey Sutton,Â£43.59,In stock
The Lean Startup: How Today's Entrepreneurs Use Continuous Innovation to Create Radically Successful Businesses,Eric Ries,Â£33.92,In stock
The Last Painting of Sara de Vos,Dominic Smith,Â£55.55,In stock
"The Land of 10,000 Madonnas",Kate Hattemer,Â£29.64,In stock
The Infinities,John Banville,Â£27.41,In stock
The Husband's Secret,Liane Moriarty,Â£52.51,In stock
The Hitchhiker's Guide to the Galaxy (Hitchhiker's Guide to the Galaxy #1),Douglas Adams,Â£47.80,In stock
The Guns of August,Barbara W. Tuchman,Â£14.54,In stock
The Guernsey Literary and Potato Peel Pie Society,"Mary Ann Shaffer, Annie Barrows",Â£49.53,In stock
The Goldfinch,Donna Tartt,Â£43.58,In stock
The Giver (The Giver Quartet #1),Lois Lowry,Â£12.30,In stock
The Girl with All the Gifts,M. R. Carey,Â£49.47,In stock
The Girl Who Played with Fire (Millennium Trilogy #2),Stieg Larsson,Â£22.14,In stock
The Girl Who Kicked the Hornet's Nest (Millennium Trilogy #3),Stieg Larsson,Â£57.48,In stock
The Exiled,Paul Tassi,Â£43.45,In stock
"The End of Faith: Religion, Terror, and the Future of Reason",Sam Harris,Â£22.13,In stock
"The Elegant Universe: Superstrings, Hidden Dimensions, and the Quest for the Ultimate Theory",Brian Greene,Â£13.03,In stock
"The Disappearing Spoon: And Other True Tales of Madness, Love, and the History of the World from the Periodic Table of the Elements",Sam Kean,Â£57.35,In stock
The Devil Wears Prada (The Devil Wears Prada #1),Lauren Weisberger,Â£44.29,In stock
The Demon-Haunted World: Science as a Candle in the Dark,Carl Sagan,Â£52.25,In stock
The Day the Crayons Came Home (Crayons),Drew Daywalt,Â£26.33,In stock
The Da Vinci Code (Robert Langdon #2),Dan Brown,Â£22.96,In stock
The Cuckoo's Calling (Cormoran Strike #1),Robert Galbraith,Â£19.21,In stock
The Complete Stories and Poems (The Works of Edgar Allan Poe [Cameo Edition]),,Â£26.78,In stock
The Complete Poems,Randall Jarrell,Â£41.32,In stock
The Catcher in the Rye,J.D. Salinger,Â£24.55,In stock
The Cat in the Hat (Beginner Books B-1),P.D. Eastman,Â£16.26,In stock
The Case for Christ (Cases for Christianity),Lee Strobel,Â£47.84,In stock
The Book Thief,Markus Zusak,Â£53.49,In stock
The Book of Basketball: The NBA According to The Sports Guy,Bill Simmons,Â£44.84,In stock
The Blind Side: Evolution of a Game,Michael Lewis,Â£53.71,In stock
The Autobiography of Malcolm X,Malcolm X,Â£23.43,In stock
"The Art of Simple Food: Notes, Lessons, and Recipes from a Delicious Revolution",Alice Waters,Â£34.32,In stock
The Art of Fielding,Chad Harbach,Â£22.10,In stock
"Surely You're Joking, Mr. Feynman!: Adventures of a Curious Character",Richard P. Feynman,Â£25.83,In stock
Stiff: The Curious Lives of Human Cadavers,Mary Roach,Â£36.74,In stock
Spilled Milk: Based on a True Story,K. L. Randis,Â£49.51,In stock
Something Borrowed (Darcy & Rachel #1),Emily Giffin,Â£48.96,In stock
Something Blue (Darcy & Rachel #2),Emily Giffin,Â£54.62,In stock
Soldier (Talon #3),Julie Kagawa,Â£24.72,In stock
Shopaholic & Baby (Shopaholic #5),Sophie Kinsella,Â£46.45,In stock
Seven Days in the Art World,Sarah Thornton,Â£52.33,In stock
Seven Brief Lessons on Physics,Carlo Rovelli,Â£30.60,In stock
Scarlet (The Lunar Chronicles #2),Marissa Meyer,Â£14.57,In stock
Sarah's Key,Tatiana de Rosnay,Â£46.29,In stock
"Saga, Volume 3 (Saga (Collected Editions) #3)",Brian K. Vaughan,Â£21.57,In stock
Running with Scissors,Augusten Burroughs,Â£12.91,In stock
Rogue Lawyer (Rogue Lawyer #1),John Grisham,Â£50.11,In stock
"Rise of the Rocket Girls: The Women Who Propelled Us, from Missiles to the Moon to Mars",Nathalia Holt,Â£41.67,In stock
Rework,"Jason Fried, David Heinemeier Hansson",Â£44.88,In stock
Reservations for Two,Hillary Manton Lodge,Â£11.10,In stock
Red: The True Story of Red Riding Hood,Liesl Shurtliff,Â£28.54,In stock
Ready Player One,Ernest Cline,Â£19.07,In stock
Quiet: The Power of Introverts in a World That Can't Stop Talking,Susan Cain,Â£43.55,In stock
Prodigy: The Graphic Novel (Legend: The Graphic Novel #2),"Leigh Dragoon, Marie Lu",Â£43.63,In stock
Persepolis: The Story of a Childhood (Persepolis #1-2),Marjane Satrapi,Â£39.13,In stock
Packing for Mars: The Curious Science of Life in the Void,Mary Roach,Â£56.68,In stock
Outliers: The Story of Success,Malcolm Gladwell,Â£14.16,In stock
Original Fake,"Adrianna Link, Abigail Shelton, Patrick Spero",Â£31.45,In stock
Orange Is the New Black,Piper Kerman,Â£24.61,In stock
One for the Money (Stephanie Plum #1),Janet Evanovich,Â£32.87,In stock
Notes from a Small Island (Notes From a Small Island #1),Bill Bryson,Â£40.17,In stock
Night (The Night Trilogy #1),Elie Wiesel,Â£13.51,In stock
Neither Here nor There: Travels in Europe,Bill Bryson,Â£38.95,In stock
Naked,"David Sedaris, Geoffrey Koske",Â£31.69,In stock
Morning Star (Red Rising #3),Pierce Brown,Â£29.40,In stock
"Miracles from Heaven: A Little Girl, Her Journey to Heaven, and Her Amazing Story of Healing",Christy Wilson Beam,Â£57.83,In stock
Midnight Riot (Peter Grant/ Rivers of London - books #1),Ben Aaronovitch,Â£55.46,In stock
Me Talk Pretty One Day,David Sedaris,Â£57.60,In stock
Manuscript Found in Accra,Paulo Coelho,Â£34.98,In stock
Lust & Wonder,Nancy Pearl,Â£11.87,In stock
Lila (Gilead #3),Marilynne Robinson,Â£12.47,In stock
"Life, the Universe and Everything (Hitchhiker's Guide to the Galaxy #3)",Douglas Adams,Â£33.26,In stock
Life Without a Recipe,Diana Abu-Jaber,Â£59.04,In stock
Life After Life,Kate Atkinson,Â£26.13,In stock
Letter to a Christian Nation,Sam Harris,Â£22.20,In stock
Let's Pretend This Never Happened: A Mostly True Memoir,Jenny Lawson,Â£45.11,In stock
Legend (Legend #1),Marie Lu,Â£43.69,In stock
"Lean In: Women, Work, and the Will to Lead",Sheryl Sandberg,Â£25.02,In stock
"Lamb: The Gospel According to Biff, Christ's Childhood Pal",Christopher Moore,Â£55.50,In stock
Lady Renegades (Rebel Belle #3),Rachel Hawkins,Â£53.04,In stock
Jurassic Park (Jurassic Park #1),Michael Crichton,Â£44.97,In stock
It's Never Too Late to Begin Again: Discovering Creativity and Meaning at Midlife and Beyond,"Julia Cameron, Emma Lively",Â£42.38,In stock
Is Everyone Hanging Out Without Me? (And Other Concerns),Mindy Kaling,Â£20.11,In stock
Into the Wild,Jon Krakauer,Â£56.70,In stock
Inferno (Robert Langdon #4),August Strindberg,Â£41.00,In stock
"In the Garden of Beasts: Love, Terror, and an American Family in Hitler's Berlin",Erik Larson,Â£28.85,In stock
If I Run (If I Run #1),Terri Blackstock,Â£49.97,In stock
I've Got Your Number,Sophie Kinsella,Â£19.69,In stock
I Am Malala: The Girl Who Stood Up for Education and Was Shot by the Taliban,Malala Yousafzai,Â£28.88,In stock
Hungry Girl Clean & Hungry: Easy All-Natural Recipes for Healthy Eating in the Real World,Lisa Lillien,Â£33.14,In stock
"House of Lost Worlds: Dinosaurs, Dynasties, and the Story of Life on Earth",Richard Conniff,Â£43.70,In stock
House of Leaves,Mark Z. Danielewski,Â£54.89,In stock
Horrible Bear!,"Mac Barnett, Jory John",Â£37.52,In stock
Holidays on Ice,David Sedaris,Â£51.07,In stock
Heir to the Sky,Amanda Sun,Â£44.07,In stock
Green Eggs and Ham (Beginner Books B-16),Dr. Seuss,Â£10.79,In stock
"Grayson, Vol 3: Nemesis (Grayson #3)","Tom King, Tim Seeley",Â£42.72,In stock
Gratitude,Robert Emmons,Â£26.66,In stock
Gone Girl,Gillian Flynn,Â£37.60,In stock
Golden (Heart of Dread #3),"Melissa de la Cruz, Michael Johnston",Â£42.21,In stock
Girl in the Blue Coat,Monica Hesse,Â£46.83,In stock
"Fruits Basket, Vol. 3 (Fruits Basket #3)",Natsuki Takaya,Â£45.17,In stock
"Friday Night Lights: A Town, a Team, and a Dream",H.G. Bissinger,Â£51.22,In stock
Fire Bound (Sea Haven/Sisters of the Heart #5),Christine Feehan,Â£21.28,In stock
Fifty Shades Freed (Fifty Shades #3),E. L. James,Â£15.36,In stock
Fellside,M. R. Carey,Â£38.62,In stock
Extreme Prey (Lucas Davenport #26),John Sandford,Â£25.40,In stock
Eragon (The Inheritance Cycle #1),Christopher Paolini,Â£43.87,In stock
Eclipse (Twilight #3),Stephenie Meyer,Â£18.74,In stock
Dune (Dune #1),Frank Herbert,Â£54.86,In stock
Dracula,Bram Stoker,Â£52.62,In stock
Do Androids Dream of Electric Sheep? (Blade Runner #1),Philip K. Dick,Â£51.48,In stock
Disrupted: My Misadventure in the Start-Up Bubble,Dan Lyons,Â£15.28,In stock
Dead Wake: The Last Crossing of the Lusitania,Erik Larson,Â£39.24,In stock
"David and Goliath: Underdogs, Misfits, and the Art of Battling Giants",Malcolm Gladwell,Â£17.81,In stock
Darkfever (Fever #1),Karen Marie Moning,Â£56.02,In stock
Dark Places,Gillian Flynn,Â£23.90,In stock
Crazy Rich Asians (Crazy Rich Asians #1),Kevin Kwan,Â£49.13,In stock
Counting Thyme,Melanie Conklin,Â£10.62,In stock
Cosmos,Carl Sagan,Â£36.17,In stock
Civilization and Its Discontents,Sigmund Freud,Â£59.95,In stock
Cinder (The Lunar Chronicles #1),Marissa Meyer,Â£26.09,In stock
Catastrophic Happiness: Finding Joy in Childhood's Messy Years,Catherine Newman,Â£37.35,In stock
Career of Evil (Cormoran Strike #3),Robert Galbraith,Â£24.72,In stock
Breaking Dawn (Twilight #4),Stephenie Meyer,Â£35.28,In stock
Brave Enough,Cheryl Strayed,Â£51.32,In stock
Boy Meets Boy,David Levithan,Â£21.12,In stock
"Born to Run: A Hidden Tribe, Superathletes, and the Greatest Race the World Has Never Seen",Christopher McDougall,Â£27.35,In stock
Blink: The Power of Thinking Without Thinking,Malcolm Gladwell,Â£21.74,In stock
Black Flags: The Rise of ISIS,Joby Warrick,Â£40.87,In stock
"Black Butler, Vol. 1 (Black Butler #1)",Yana Toboso,Â£49.31,In stock
Big Little Lies,Liane Moriarty,Â£22.11,In stock
Between Shades of Gray,Ruta Sepetys,Â£20.79,In stock
Best of My Love (Fool's Gold #20),Susan Mallery,Â£27.41,In stock
Beowulf,Anonymous,Â£38.35,In stock
Beautiful Creatures (Caster Chronicles #1),"Kami Garcia, Margaret Stohl",Â£21.55,In stock
Awkward,Svetlana Chmakova,Â£38.02,In stock
Ash,Ethan Hawke,Â£22.06,In stock
Are We There Yet?,Dan Santat,Â£10.66,In stock
Are We Smart Enough to Know How Smart Animals Are?,Frans de Waal,Â£56.58,In stock
Annie on My Mind,Nancy Garden,Â£36.83,In stock
And Then There Were None,Agatha Christie,Â£35.01,In stock
A Walk in the Woods: Rediscovering America on the Appalachian Trail,Bill Bryson,Â£30.48,In stock
A Visit from the Goon Squad,Jennifer Egan,Â£14.08,In stock
A Storm of Swords (A Song of Ice and Fire #3),George R. R. Martin,Â£31.22,In stock
A Heartbreaking Work of Staggering Genius,Dave Eggers,Â£54.29,In stock
8 Keys to Mental Health Through Exercise,Christina Hibbert,Â£31.04,In stock
#GIRLBOSS,,Â£50.96,In stock
"The Suffragettes (Little Black Classics, #96)",,Â£11.89,In stock
The Sense of an Ending,Julian Barnes,Â£31.38,In stock
"The Sandman, Vol. 2: The Doll's House (The Sandman (volumes) #2)",Neil Gaiman,Â£54.81,In stock
The Course of Love,Alain de Botton,Â£16.78,In stock
Sugar Rush (Offensive Line #2),"Johnny Iuzzini, Wes Martin",Â£24.42,In stock
"Saga, Volume 2 (Saga (Collected Editions) #2)",Brian K. Vaughan,Â£11.75,In stock
"Run, Spot, Run: The Ethics of Keeping Pets",Jessica Pierce,Â£20.02,In stock
New Moon (Twilight #2),Stephenie Meyer,Â£12.86,In stock
Life,,Â£31.58,In stock
Kindle Paperwhite User's Guide,Thomas Mallack,Â£34.00,In stock
H is for Hawk,Helen Macdonald,Â£57.42,In stock
Girl Online On Tour (Girl Online #2),Zoe Sugg,Â£53.47,In stock
"Fruits Basket, Vol. 2 (Fruits Basket #2)",Natsuki Takaya,Â£11.64,In stock
Diary of a Minecraft Zombie Book 1: A Scare of a Dare (An Unofficial Minecraft Book),Zack Zombie (Fictitious character),Â£52.88,In stock
"Y: The Last Man, Vol. 1: Unmanned (Y: The Last Man #1)","Brian K. Vaughan, Pia Guerra, Jose Marzan",Â£18.51,In stock
While You Were Mine,Ann Howard Creel,Â£41.32,In stock
Where Lightning Strikes (Bleeding Stars #3),A. L. Jackson,Â£39.77,In stock
When I'm Gone,Emily Bleeker,Â£51.96,In stock
Ways of Seeing,John Berger,Â£39.51,In stock
"Vampire Knight, Vol. 1 (Vampire Knight #1)",Matsuri Hino,Â£15.40,In stock
Vampire Girl (Vampire Girl #1),Karpov Kinrade,Â£53.82,In stock
Twenty Love Poems and a Song of Despair,Pablo Neruda,Â£30.95,In stock
Travels with Charley: In Search of America,John Steinbeck,Â£57.82,In stock
Three Wishes (River of Time: California #1),Lisa Tawn Bergren,Â£44.18,In stock
This One Moment (Pushing Limits #1),Stina Lindenblatt,Â£48.71,In stock
The Zombie Room,R. d. Ronald,Â£19.69,In stock
"The Wicked + The Divine, Vol. 1: The Faust Act (The Wicked + The Divine)",Kieron Gillen,Â£36.52,In stock
The Tumor,"John Grisham, Focused Ultrasound Foundation",Â£41.56,In stock
The Story of Hong Gildong,Kyun Hŏ,Â£43.19,In stock
The Silent Wife,A. S. A. Harrison,Â£12.34,In stock
The Silent Twin (Detective Jennifer Knight #3),Caroline Mitchell,Â£36.25,In stock
The Selfish Gene,"Richard Dawkins, Charles Simonyi Professor of the Public Understanding of Science Richard Dawkins, David Dawkins, RICHARD AUTOR DAWKINS",Â£29.45,In stock
The Secret Healer,Ellin Carsta,Â£34.56,In stock
"The Sandman, Vol. 1: Preludes and Nocturnes (The Sandman (volumes) #1)",Neil Gaiman,Â£54.12,In stock
The Republic,Plato,Â£33.78,In stock
The Odyssey,"Homer, George Herbert Palmer",Â£29.64,In stock
The No. 1 Ladies' Detective Agency (No. 1 Ladies' Detective Agency #1),Alexander McCall Smith,Â£57.70,In stock
The Nicomachean Ethics,Aristotle,Â£36.34,In stock
The Name of the Wind (The Kingkiller Chronicle #1),Patrick Rothfuss,Â£50.59,In stock
The Mirror & the Maze (The Wrath and the Dawn #1.5),Marlys Millhiser,Â£29.38,In stock
The Little Prince,Antoine de Saint-Exupéry,Â£45.42,In stock
The Light of the Fireflies,Paul Pen,Â£54.43,In stock
The Last Girl (The Dominion Trilogy #1),Joe Hart (Novelist),Â£36.26,In stock
The Iliad,Homer,Â£16.16,In stock
The Hook Up (Game On #1),Kristen Callihan,Â£36.29,In stock
The Haters,Jesse Andrews,Â£27.89,In stock
The Girl You Lost,Kathryn Croft,Â£12.29,In stock
The Girl In The Ice (DCI Erika Foster #1),Robert Bryndza,Â£15.85,In stock
The End of the Jesus Era (An Investigation #1),Danail Hristov,Â£14.40,In stock
The Edge of Reason (Bridget Jones #2),Helen Fielding,Â£19.18,In stock
The Complete Maus (Maus #1-2),Art Spiegelman,Â£10.64,In stock
The Communist Manifesto,"Karl Marx, Friedrich Engels",Â£14.76,In stock
The Bhagavad Gita,,Â£57.49,In stock
The Bette Davis Club,Jane Lotter,Â£30.66,In stock
The Art of Not Breathing,Sarah Alexander,Â£40.83,In stock
Taking Shots (Assassins #1),Toni Aleo,Â£18.88,In stock
Starlark,Cael Percy,Â£25.83,In stock
"Skip Beat!, Vol. 01 (Skip Beat! #1)",Yoshiki Nakamura,Â£42.12,In stock
Sister Sable (The Mad Queen #1),,Â£13.33,In stock
Shatter Me (Shatter Me #1),Tahereh Mafi,Â£42.40,In stock
Shameless,Nadia Bolz-Weber,Â£58.35,In stock
Shadow Rites (Jane Yellowrock #10),Faith Hunter,Â£21.72,In stock
Settling the Score (The Summer Games #1),R. S. Grey,Â£44.91,In stock
Sense and Sensibility,Jane Austen,Â£37.46,In stock
"Saga, Volume 1 (Saga (Collected Editions) #1)",Brian K. Vaughan,Â£28.48,In stock
"Rhythm, Chord & Malykhin",Mariana Zapata,Â£28.34,In stock
"Rat Queens, Vol. 1: Sass & Sorcery (Rat Queens (Collected Editions) #1-5)",Kurtis J. Wiebe,Â£46.96,In stock
Paradise Lost (Paradise #1),John Milton,Â£24.96,In stock
"Paper Girls, Vol. 1 (Paper Girls #1-5)",Brian K. Vaughan,Â£21.71,In stock
"Ouran High School Host Club, Vol. 1 (Ouran High School Host Club #1)","Bisco Hatori, Gary Leach",Â£29.87,In stock
Origins (Alphas 0.5),Daniel James Dickinson,Â£28.99,In stock
One Second (Seven #7),Dannika Dark,Â£52.94,In stock
On the Road (Duluoz Legend),"Gregory Stephenson, Odense Universitet",Â£32.36,In stock
Old Records Never Die: One Man's Quest for His Vinyl and His Past,Eric Spitznagel,Â£55.66,In stock
Off Sides (Off #1),Sawyer Bennett,Â£39.45,In stock
Of Mice and Men,John Steinbeck,Â£47.11,In stock
Myriad (Prentor #1),Mona Hanna,Â£58.75,In stock
My Perfect Mistake (Over the Top #1),Kelly Siskind,Â£38.92,In stock
"Ms. Marvel, Vol. 1: No Normal (Ms. Marvel (2014-2015) #1)",G. Willow Wilson,Â£39.39,In stock
Meditations,Marcus Aurelius,Â£25.89,In stock
Matilda,Roald Dahl,Â£28.34,In stock
Lost Among the Living,Simone St. James,Â£27.70,In stock
Lord of the Flies,William Golding,Â£24.89,In stock
Listen to Me (Fusion #1),Kristen Proby,Â£58.99,In stock
Kitchens of the Great Midwest,J. Ryan Stradal,Â£57.20,In stock
Jane Eyre,Charlotte Bronte,Â£38.43,In stock
Imperfect Harmony,Stacy Horn,Â£34.74,In stock
Icing (Aces Hockey #2),Kelly Jamieson,Â£40.44,In stock
"Hawkeye, Vol. 1: My Life as a Weapon (Hawkeye #1)",Matt Fraction,Â£45.24,In stock
Having the Barbarian's Baby (Ice Planet Barbarians #7.5),Ruby Dixon,Â£34.96,In stock
"Giant Days, Vol. 1 (Giant Days #1-4)","John Allison, Whitney Cogar",Â£56.76,In stock
"Fruits Basket, Vol. 1 (Fruits Basket #1)",Natsuki Takaya,Â£40.28,In stock
Frankenstein,Mary Wollstonecraft Shelley,Â£38.00,In stock
Forever Rockers (The Rocker #12),Terri Anne Browning,Â£28.80,In stock
Fighting Fate (Fighting #6),Juli Dorne,Â£39.24,In stock
Emma,Jane Austen,Â£32.93,In stock
"Eat, Pray, Love",Elizabeth Gilbert,Â£51.32,In stock
Deep Under (Walker Security #1),Lisa Renee Jones,Â£47.09,In stock
Choosing Our Religion: The Spiritual Lives of America's Nones,Elizabeth Drescher,Â£28.42,In stock
Charlie and the Chocolate Factory (Charlie Bucket #1),Roald Dahl,Â£22.85,In stock
Charity's Cross (Charles Towne Belles #4),MaryLu Tyndall,Â£41.24,In stock
Bright Lines,Tanwi Nandini Islam,Â£39.07,In stock
Bridget Jones's Diary (Bridget Jones #1),Helen Fielding,Â£29.82,In stock
Bounty (Colorado Mountain #7),Kristen Ashley,Â£37.26,In stock
Blood Defense (Samantha Brinkman #1),Marcia Clark,Â£20.30,In stock
"Bleach, Vol. 1: Strawberry and the Soul Reapers (Bleach #1)",Tite Kubo,Â£34.65,In stock
Beyond Good and Evil,Friedrich Wilhelm Nietzsche,Â£43.38,In stock
Alice in Wonderland (Alice's Adventures in Wonderland #1),Lewis Carroll,Â£55.53,In stock
"Ajin: Demi-Human, Volume 1 (Ajin: Demi-Human #1)",Gamon Sakurai,Â£57.06,In stock
A Spy's Devotion (The Regency Spies of London #1),Melanie Dickerson,Â£16.97,In stock
1st to Die (Women's Murder Club #1),James Patterson,Â£53.98,In stock
"1,000 Places to See Before You Die",Patricia Schultz,Â£26.08,In stock
